image_path,true_species,difficulty_stratum,pred_1,pred_2,pred_3
data/audit_images/image.tif,Spiroloculina communis,normal,Pseudotriloculina limbata,Neorotalia calcar,Triloculina plicata
data/audit_images/image0001.tif,Spiroloculina communis,difficult,Spiroloculina communis,Spiroloculina ornata,Pyrgo depressa
data/audit_images/image0002.tif,Spiroloculina communis,difficult,Pyrgo depressa,Spiroloculina communis,Spiroloculina ornata
data/audit_images/image0003.tif,Triloculina plicata,difficult,Cibicides corticatus,Pyrgo depressa,Operculina ammonoides
data/audit_images/image0004.tif,Triloculina plicata,normal,Agglutinella soriformis,Lenticulina suborbicularis,Cibicides corticatus
data/audit_images/image0005.tif,Quinqueloculina bosciana,normal,Karreriella bradyi,Pyrgo depressa,Pyrgo inornata
data/audit_images/image0006.tif,Quinqueloculina pulchella,normal,Operculina ammonoides,Triloculina plicata,Quinqueloculina crassicarinata
data/audit_images/image0007.tif,Quinqueloculina crassicarinata,normal,Triloculina plicata,Quinqueloculina crassicarinata,Triloculina trigonula
data/audit_images/image0008.tif,Spiroloculina communis,normal,Triloculina plicata,Spiroloculina communis,Neorotalia calcar
data/audit_images/image0009.tif,Triloculina plicata,normal,Agglutinella soriformis,Triloculina plicata,Quinqueloculina crassicarinata
data/audit_images/image0010.tif,Quinqueloculina bosciana,normal,Spirosigmoilina parri,Karreriella bradyi,Cibicides corticatus
data/audit_images/image0011.tif,Quinqueloculina bosciana,difficult,Spirosigmoilina parri,Quinqueloculina bosciana,Karreriella bradyi
data/audit_images/image0012.tif,Quinqueloculina pulchella,normal,Quinqueloculina crassicarinata,Triloculina plicata,Neorotalia calcar
data/audit_images/image0013.tif,Miliolinella circularis,normal,Triloculina trigonula,Triloculina plicata,Quinqueloculina crassicarinata
data/audit_images/image0014.tif,Triloculina trigonula,normal,Triloculina trigonula,Triloculina plicata,Karreriella bradyi
data/audit_images/image0015.tif,Spiroloculina ornata,normal,Triloculina plicata,Spiroloculina ornata,Spiroloculina communis
data/audit_images/image0016.tif,Quinqueloculina pulchella,difficult,Triloculina plicata,Neorotalia calcar,Quinqueloculina crassicarinata
data/audit_images/image0017.tif,Quinqueloculina crassicarinata,normal,Quinqueloculina pulchella,Quinqueloculina crassicarinata,Triloculina trigonula
data/audit_images/image0018.tif,Triloculina trigonula,difficult,Triloculina plicata,Triloculina trigonula,Karreriella bradyi
data/audit_images/image0019.tif,Spiroloculina ornata,difficult,Spiroloculina ornata,Triloculina plicata,Spiroloculina communis
data/audit_images/image0020.tif,Spirosigmoilina parri,normal,Spirosigmoilina parri,Cribroelphidium clavatum,Karreriella bradyi
data/audit_images/image0021.tif,Pyrgo inornata,difficult,Pyrgo inornata,Pyrgo depressa,Miliolinella circularis
data/audit_images/image0022.tif,Pyrgo inornata,difficult,Pyrgo inornata,Triloculina trigonula,Karreriella bradyi
data/audit_images/image0023.tif,Pyrgo inornata,difficult,Pyrgo inornata,Operculina ammonoides,Pyrgo depressa
data/audit_images/image0024.tif,Pyrgo depressa,normal,Pyrgo depressa,Pyrgo inornata,Karreriella bradyi
data/audit_images/image0025.tif,Pyrgo depressa,difficult,Pyrgo depressa,Pyrgo inornata,Karreriella bradyi
data/audit_images/image0026.tif,Pyrgo depressa,difficult,Karreriella bradyi,Pyrgo depressa,Pyrgo inornata
data/audit_images/image0027.tif,Pseudotriloculina limbata,normal,Karreriella bradyi,Pseudotriloculina limbata,Triloculina plicata
data/audit_images/image0028.tif,Pseudotriloculina limbata,normal,Pseudotriloculina limbata,Spirosigmoilina parri,Amphicoryna scalaris
data/audit_images/image0029.tif,Nodulina dentaliniformis,normal,Nodulina dentaliniformis,Cylindroclavulina bradyi,Ammoscalaria pseudospiralis
data/audit_images/image0030.tif,Ammoscalaria pseudospiralis,normal,Ammoscalaria pseudospiralis,Nodulina dentaliniformis,Triloculina plicata
data/audit_images/image0031.tif,Cylindroclavulina bradyi,normal,Cylindroclavulina bradyi,Nodulina dentaliniformis,Spirotextularia floridana
data/audit_images/image0032.tif,Karreriella bradyi,normal,Karreriella bradyi,Sahulia kerimbaensis,Quinqueloculina crassicarinata
data/audit_images/image0033.tif,Spirotextularia floridana,normal,Spirotextularia floridana,Neorotalia calcar,Agglutinella soriformis
data/audit_images/image0034.tif,Spirotextularia floridana,normal,Spirotextularia floridana,Agglutinella soriformis,Neorotalia calcar
data/audit_images/image0035.tif,Sahulia kerimbaensis,normal,Sahulia kerimbaensis,Karreriella bradyi,Spirotextularia floridana
data/audit_images/image0036.tif,Agglutinella soriformis,normal,Agglutinella soriformis,Spirotextularia floridana,Siphonaperta arenata
data/audit_images/image0037.tif,Sahulia kerimbaensis,difficult,Spirotextularia floridana,Karreriella bradyi,Sahulia kerimbaensis
data/audit_images/image0038.tif,Spirotextularia floridana,difficult,Agglutinella soriformis,Sahulia kerimbaensis,Spirotextularia floridana
data/audit_images/image0039.tif,Siphonaperta arenata,normal,Agglutinella soriformis,Spirotextularia floridana,Siphonaperta arenata
data/audit_images/image0040.tif,Siphonaperta arenata,difficult,Ammoscalaria pseudospiralis,Siphonaperta arenata,Spirotextularia floridana
data/audit_images/image0041.tif,Siphonaperta arenata,difficult,Spirotextularia floridana,Agglutinella soriformis,Siphonaperta arenata
data/audit_images/image0042.tif,Siphonaperta arenata,normal,Triloculina plicata,Siphonaperta arenata,Lenticulina suborbicularis
data/audit_images/image0043.tif,Siphonaperta arenata,normal,Triloculina plicata,Lenticulina suborbicularis,Ammoscalaria pseudospiralis
data/audit_images/image0044.tif,Sahulia kerimbaensis,normal,Sahulia kerimbaensis,Karreriella bradyi,Spirotextularia floridana
